{"loss": 0, "_timestamp": 1685483046.112102, "_runtime": 24.551247119903564, "_step": 5, "episode": 2, "total_reward": 45.0}