{"loss": 8.471688270568848, "_timestamp": 1685483571.658445, "_runtime": 230.19969081878662, "_step": 103, "episode": 51, "total_reward": 45.0}