{"loss": 0, "_timestamp": 1685483191.752592, "_runtime": 23.91722798347473, "_step": 5, "episode": 2, "total_reward": 120.0, "_wandb": {"runtime": 167}}