{"loss": 5.466736793518066, "_timestamp": 1685482969.9565964, "_runtime": 4301.32648229599, "_step": 119, "episode": 59, "total_reward": 0.0}