{"episode": 50, "total_reward": 75.0, "_timestamp": 1685477381.9012804, "_runtime": 75.55799651145935, "_step": 50}