{"episode": 57, "total_reward": 20.0, "_timestamp": 1685484970.966588, "_runtime": 1297.7693400382996, "_step": 1564, "loss": 1.6012494564056396}